Price,Adj Close,Close,High,Low,Open,Volume
Ticker,4143.SR,4143.SR,4143.SR,4143.SR,4143.SR,4143.SR
Date,,,,,,
2024-06-23,42.581077575683594,47.70000076293945,53.0,47.5,51.29999923706055,7574631
2024-06-24,41.28668212890625,46.25,48.5,46.20000076293945,47.900001525878906,3213989
2024-06-25,42.71497344970703,47.849998474121094,48.75,45.70000076293945,46.25,3764325
2024-06-26,42.53644561767578,47.650001525878906,48.650001525878906,47.29999923706055,48.0,1598784
2024-06-27,46.776695251464844,52.400001525878906,52.400001525878906,47.54999923706055,47.849998474121094,4150362
2024-06-30,46.776695251464844,52.400001525878906,52.400001525878906,52.400001525878906,52.400001525878906,0
2024-07-01,55.971351623535156,62.70000076293945,63.0,56.5,60.0,8796791
2024-07-02,54.72159194946289,61.29999923706055,64.69999694824219,61.0,62.400001525878906,3454837
2024-07-03,55.34646987915039,62.0,64.5999984741211,58.79999923706055,61.400001525878906,3966755
2024-07-04,54.45378494262695,61.0,64.0999984741211,60.5,62.29999923706055,2347080
2024-07-07,54.18598175048828,60.70000076293945,62.29999923706055,60.5,60.900001525878906,1191997
2024-07-08,52.132808685302734,58.400001525878906,61.400001525878906,58.099998474121094,60.79999923706055,1129771
2024-07-09,54.27524948120117,60.79999923706055,62.29999923706055,57.70000076293945,58.70000076293945,1981659
2024-07-10,54.98939514160156,61.599998474121094,62.599998474121094,60.70000076293945,61.20000076293945,1060027
2024-07-11,57.84599304199219,64.80000305175781,65.9000015258789,61.900001525878906,62.29999923706055,3500066
2024-07-14,63.559173583984375,71.19999694824219,71.19999694824219,65.19999694824219,65.5,3612008
2024-07-15,58.6494026184082,65.69999694824219,72.5,64.19999694824219,72.0,3365188
2024-07-16,59.98843002319336,67.19999694824219,68.80000305175781,65.19999694824219,65.30000305175781,2066574
2024-07-17,62.13087463378906,69.5999984741211,71.0999984741211,65.80000305175781,67.69999694824219,3204436
2024-07-18,61.95233917236328,69.4000015258789,73.5,68.19999694824219,70.0,4113443
2024-07-21,62.13087463378906,69.5999984741211,71.5,67.5999984741211,69.4000015258789,1634153
2024-07-22,60.34550476074219,67.5999984741211,70.0,67.5,70.0,1224753
2024-07-23,58.738677978515625,65.80000305175781,67.5,65.80000305175781,67.5,847196
2024-07-24,58.917213439941406,66.0,67.4000015258789,65.30000305175781,65.5,837126
2024-07-25,58.203060150146484,65.19999694824219,67.5999984741211,64.4000015258789,66.0999984741211,1201627
2024-07-28,60.25623321533203,67.5,68.4000015258789,65.4000015258789,65.4000015258789,1569667
2024-07-29,59.80989456176758,67.0,68.80000305175781,66.0999984741211,68.0,1154918
2024-07-30,57.3996467590332,64.30000305175781,67.5,64.0,67.4000015258789,874364
2024-07-31,53.561100006103516,60.0,63.79999923706055,58.70000076293945,63.79999923706055,3623728
2024-08-01,52.7576789855957,59.099998474121094,60.79999923706055,58.400001525878906,60.400001525878906,1980632
2024-08-04,47.4908447265625,53.20000076293945,57.0,53.20000076293945,55.099998474121094,2674317
2024-08-05,44.58961868286133,49.95000076293945,53.79999923706055,49.099998474121094,52.0,4540753
2024-08-06,49.0084114074707,54.900001525878906,54.900001525878906,50.900001525878906,51.0,4381342
2024-08-07,47.580108642578125,53.29999923706055,55.20000076293945,53.0,55.0,1955919
2024-08-08,46.955230712890625,52.599998474121094,54.900001525878906,51.20000076293945,52.70000076293945,2680736
2024-08-11,49.45475387573242,55.400001525878906,56.79999923706055,53.20000076293945,54.400001525878906,2651516
2024-08-12,48.829872131347656,54.70000076293945,56.400001525878906,54.29999923706055,55.79999923706055,2006679
2024-08-13,48.38352966308594,54.20000076293945,55.29999923706055,54.099998474121094,54.70000076293945,690715
2024-08-14,51.68646240234375,57.900001525878906,57.900001525878906,54.29999923706055,54.5,2034641
2024-08-15,50.79377746582031,56.900001525878906,58.400001525878906,56.900001525878906,58.0,1845116
2024-08-18,53.918174743652344,60.400001525878906,60.599998474121094,57.29999923706055,57.29999923706055,3350085
2024-08-19,53.650367736816406,60.099998474121094,62.79999923706055,59.400001525878906,60.599998474121094,3270059
2024-08-20,53.1147575378418,59.5,60.599998474121094,59.29999923706055,59.79999923706055,1064063
2024-08-21,55.703548431396484,62.400001525878906,62.400001525878906,59.400001525878906,59.79999923706055,2196514
2024-08-22,55.07866668701172,61.70000076293945,62.900001525878906,61.29999923706055,62.400001525878906,1700566
2024-08-25,55.07866668701172,61.70000076293945,62.599998474121094,61.400001525878906,62.20000076293945,871847
2024-08-26,53.82890319824219,60.29999923706055,61.599998474121094,59.599998474121094,61.5,1314418
2024-08-27,52.84695053100586,59.20000076293945,61.20000076293945,59.20000076293945,60.29999923706055,792462
2024-08-28,51.86499786376953,58.099998474121094,59.79999923706055,58.099998474121094,59.20000076293945,1253769
2024-08-29,52.400611877441406,58.70000076293945,58.79999923706055,57.20000076293945,58.099998474121094,904468
2024-09-01,54.007442474365234,60.5,60.5,58.900001525878906,59.0,692369
2024-09-02,53.471832275390625,59.900001525878906,61.599998474121094,59.70000076293945,60.79999923706055,1175012
2024-09-03,53.650367736816406,60.099998474121094,60.79999923706055,59.099998474121094,60.0,897324
2024-09-04,52.7576789855957,59.099998474121094,59.70000076293945,58.0,58.599998474121094,672837
2024-09-05,53.20402526855469,59.599998474121094,60.900001525878906,58.79999923706055,59.20000076293945,1300733
2024-09-08,52.7576789855957,59.099998474121094,59.599998474121094,58.79999923706055,59.400001525878906,492467
2024-09-09,52.4898796081543,58.79999923706055,59.400001525878906,58.599998474121094,59.400001525878906,437038
2024-09-10,51.50792694091797,57.70000076293945,59.400001525878906,57.400001525878906,59.099998474121094,707086
2024-09-11,50.61524200439453,56.70000076293945,58.099998474121094,56.29999923706055,57.5,550188
2024-09-12,51.41865539550781,57.599998474121094,58.79999923706055,56.900001525878906,57.0,1027084
2024-09-15,51.50792694091797,57.70000076293945,58.5,57.400001525878906,58.0,390735
2024-09-16,51.68646240234375,57.900001525878906,58.900001525878906,56.599998474121094,57.70000076293945,910686
2024-09-17,53.29329299926758,59.70000076293945,59.79999923706055,57.599998474121094,58.0,1081661
2024-09-18,52.66841506958008,59.0,60.400001525878906,58.79999923706055,59.900001525878906,804341
2024-09-19,52.132808685302734,58.400001525878906,59.400001525878906,57.900001525878906,59.400001525878906,539832
2024-09-22,52.66841506958008,59.0,59.70000076293945,58.400001525878906,58.599998474121094,573342
2024-09-24,52.93621826171875,59.29999923706055,60.400001525878906,59.0,59.0,754581
2024-09-25,54.63232421875,61.20000076293945,62.0,59.099998474121094,59.5,2619881
2024-09-26,53.82890319824219,60.29999923706055,61.5,60.0,61.400001525878906,1006165
2024-09-29,53.1147575378418,59.5,60.29999923706055,59.400001525878906,60.20000076293945,617838
2024-09-30,52.93621826171875,59.29999923706055,60.5,59.20000076293945,59.29999923706055,664978
2024-10-01,53.025489807128906,59.400001525878906,59.79999923706055,59.0,59.5,372045
2024-10-02,53.025489807128906,59.400001525878906,59.400001525878906,59.400001525878906,59.400001525878906,0
2024-10-03,50.43670654296875,56.5,58.0,56.099998474121094,57.0,788229
2024-10-06,47.84791564941406,53.599998474121094,56.79999923706055,53.400001525878906,56.5,705700
2024-10-07,48.829872131347656,54.70000076293945,55.599998474121094,53.599998474121094,53.599998474121094,831319
2024-10-08,47.75864791870117,53.5,55.29999923706055,53.0,55.29999923706055,725019
2024-10-09,47.22303771972656,52.900001525878906,54.20000076293945,51.900001525878906,53.5,756463
2024-10-10,47.66938018798828,53.400001525878906,53.79999923706055,52.900001525878906,53.099998474121094,474831
2024-10-13,48.02645492553711,53.79999923706055,55.0,53.599998474121094,53.599998474121094,464088
2024-10-14,47.75864791870117,53.5,54.099998474121094,53.400001525878906,53.900001525878906,473811
2024-10-15,48.47279739379883,54.29999923706055,55.400001525878906,53.5,53.599998474121094,581373
2024-10-16,48.65133285522461,54.5,55.099998474121094,54.099998474121094,54.70000076293945,482566
2024-10-17,47.75864791870117,53.5,54.79999923706055,53.20000076293945,54.599998474121094,412643
2024-10-20,48.38352966308594,54.20000076293945,54.79999923706055,53.20000076293945,53.599998474121094,415429
2024-10-21,48.56206512451172,54.400001525878906,54.70000076293945,53.900001525878906,54.29999923706055,301408
2024-10-22,49.54402160644531,55.5,56.599998474121094,54.900001525878906,55.0,1520612
2024-10-23,48.829872131347656,54.70000076293945,55.900001525878906,54.400001525878906,55.599998474121094,402874
2024-10-24,49.99036407470703,56.0,57.20000076293945,54.79999923706055,55.0,1796024
2024-10-27,51.77573013305664,58.0,58.599998474121094,56.29999923706055,56.29999923706055,1510895
2024-10-28,51.77573013305664,58.0,59.20000076293945,57.5,58.29999923706055,1241737
2024-10-29,51.15085220336914,57.29999923706055,58.0,56.599998474121094,58.0,703354
2024-10-30,52.84695053100586,59.20000076293945,59.70000076293945,56.79999923706055,57.29999923706055,1631227
2024-10-31,52.4898796081543,58.79999923706055,59.70000076293945,58.29999923706055,59.0,785359
2024-11-03,51.50792694091797,57.70000076293945,59.20000076293945,57.70000076293945,58.5,302073
2024-11-04,51.41865539550781,57.599998474121094,57.70000076293945,56.70000076293945,57.70000076293945,396022
2024-11-05,52.66841506958008,59.0,59.0,56.79999923706055,57.599998474121094,613337
2024-11-06,51.50792694091797,57.70000076293945,58.900001525878906,57.20000076293945,58.900001525878906,769392
2024-11-07,52.132808685302734,58.400001525878906,59.400001525878906,57.70000076293945,58.0,1006860
2024-11-10,53.38256072998047,59.79999923706055,60.5,58.599998474121094,58.79999923706055,1330322
2024-11-11,52.93621826171875,59.29999923706055,60.29999923706055,59.29999923706055,59.79999923706055,714989
2024-11-12,52.22207260131836,58.5,59.70000076293945,58.5,59.29999923706055,393030
2024-11-13,51.32938766479492,57.5,58.599998474121094,57.29999923706055,58.400001525878906,504839
2024-11-14,51.15085220336914,57.29999923706055,58.20000076293945,57.099998474121094,57.5,271136
2024-11-17,51.15085220336914,57.29999923706055,57.29999923706055,57.29999923706055,57.29999923706055,0
2024-11-18,49.811824798583984,55.79999923706055,56.79999923706055,55.5,56.29999923706055,333057
2024-11-19,51.06158447265625,57.20000076293945,57.29999923706055,55.900001525878906,55.900001525878906,335592
2024-11-20,51.15085220336914,57.29999923706055,58.29999923706055,56.900001525878906,57.29999923706055,385571
2024-11-21,50.8830451965332,57.0,57.70000076293945,56.5,57.5,189367
2024-11-24,50.8830451965332,57.0,57.900001525878906,57.0,57.20000076293945,192750
2024-11-25,51.15085220336914,57.29999923706055,57.70000076293945,56.900001525878906,57.0,194072
2024-11-26,50.525970458984375,56.599998474121094,57.599998474121094,56.5,57.29999923706055,448608
2024-11-27,50.43427276611328,55.0,55.599998474121094,54.5,55.0,317665
2024-11-28,49.79238510131836,54.29999923706055,55.099998474121094,53.70000076293945,54.900001525878906,338685
2024-12-01,49.79238510131836,54.29999923706055,55.099998474121094,53.70000076293945,54.900001525878906,338685
2024-12-02,49.150489807128906,53.599998474121094,54.79999923706055,53.599998474121094,54.70000076293945,248680
2024-12-03,50.80107116699219,55.400001525878906,55.70000076293945,53.400001525878906,53.79999923706055,471441
2024-12-04,50.80107116699219,55.400001525878906,55.5,54.599998474121094,55.5,264004
2024-12-05,51.25956344604492,55.900001525878906,56.400001525878906,55.400001525878906,55.5,264696
2024-12-08,52.45164489746094,57.20000076293945,58.0,56.0,56.099998474121094,657622
2024-12-09,51.9931526184082,56.70000076293945,57.900001525878906,56.5,57.29999923706055,202785
2024-12-10,51.44295883178711,56.099998474121094,57.20000076293945,56.0,56.70000076293945,218629
2024-12-11,51.6263542175293,56.29999923706055,56.79999923706055,56.099998474121094,56.79999923706055,157511
2024-12-12,51.351261138916016,56.0,56.79999923706055,56.0,56.5,184872
2024-12-15,50.98446273803711,55.599998474121094,56.20000076293945,55.5,56.0,186118
2024-12-16,50.525970458984375,55.099998474121094,55.599998474121094,54.79999923706055,55.5,180754
2024-12-17,50.250877380371094,54.79999923706055,55.099998474121094,54.29999923706055,55.099998474121094,209786
2024-12-18,49.97578048706055,54.5,54.900001525878906,54.099998474121094,54.79999923706055,215953
2024-12-19,49.242191314697266,53.70000076293945,54.29999923706055,53.70000076293945,54.29999923706055,257946
2024-12-22,49.150489807128906,53.599998474121094,54.400001525878906,53.0,53.70000076293945,190043
2024-12-23,49.150489807128906,53.599998474121094,54.20000076293945,52.29999923706055,53.20000076293945,253745
2024-12-24,49.33388900756836,53.79999923706055,54.400001525878906,53.099998474121094,53.599998474121094,238643
2024-12-25,49.97578048706055,54.5,54.70000076293945,53.79999923706055,53.79999923706055,171761
2024-12-26,50.525970458984375,55.099998474121094,56.599998474121094,54.20000076293945,54.400001525878906,873287
2024-12-29,49.51728439331055,54.0,56.099998474121094,54.0,55.400001525878906,839372
2024-12-30,49.88408279418945,54.400001525878906,54.79999923706055,53.400001525878906,54.0,249874
2024-12-31,50.80107116699219,55.400001525878906,56.29999923706055,54.20000076293945,54.400001525878906,548714
2025-01-01,51.07616424560547,55.70000076293945,56.20000076293945,55.20000076293945,55.400001525878906,255769
2025-01-02,51.07616424560547,55.70000076293945,56.099998474121094,55.5,55.79999923706055,185361
2025-01-05,50.80107116699219,55.400001525878906,56.20000076293945,55.20000076293945,55.70000076293945,152272
2025-01-06,52.268245697021484,57.0,57.400001525878906,55.29999923706055,55.29999923706055,595043
2025-01-07,51.6263542175293,56.29999923706055,57.900001525878906,56.29999923706055,57.29999923706055,364918
2025-01-08,51.351261138916016,56.0,56.900001525878906,55.900001525878906,56.29999923706055,165951
2025-01-09,51.351261138916016,56.0,56.0,56.0,56.0,0
2025-01-12,50.98446273803711,55.599998474121094,56.099998474121094,55.5,55.79999923706055,125145
2025-01-13,50.98446273803711,55.599998474121094,56.0,55.29999923706055,55.5,167044
2025-01-14,50.89276885986328,55.5,55.79999923706055,55.29999923706055,55.79999923706055,190945
2025-01-15,51.25956344604492,55.900001525878906,56.5,55.400001525878906,55.5,374817
2025-01-16,51.16786193847656,55.79999923706055,56.29999923706055,55.599998474121094,56.0,152298
2025-01-19,51.6263542175293,56.29999923706055,57.20000076293945,56.0,56.0,403132
2025-01-20,51.44295883178711,56.099998474121094,57.0,56.0,56.5,341116
2025-01-21,54.377315521240234,59.29999923706055,59.900001525878906,56.29999923706055,56.29999923706055,2593577
2025-01-22,53.64372634887695,58.5,60.099998474121094,58.400001525878906,59.400001525878906,1681844
2025-01-23,54.19391632080078,59.099998474121094,59.79999923706055,57.900001525878906,58.599998474121094,908754
2025-01-26,54.83580780029297,59.79999923706055,61.5,59.29999923706055,59.599998474121094,1640917
2025-01-27,53.18523406982422,58.0,60.29999923706055,57.900001525878906,59.79999923706055,644911
2025-01-28,53.18523406982422,58.0,58.0,58.0,58.0,0
2025-01-29,53.9188232421875,58.79999923706055,59.5,58.20000076293945,58.5,573137
2025-01-30,53.27693176269531,58.099998474121094,59.20000076293945,57.79999923706055,58.79999923706055,447884
2025-02-02,53.27693176269531,58.099998474121094,58.599998474121094,57.900001525878906,58.099998474121094,274449
2025-02-03,52.268245697021484,57.0,57.900001525878906,56.900001525878906,57.900001525878906,381711
2025-02-04,52.54334259033203,57.29999923706055,57.79999923706055,57.099998474121094,57.20000076293945,255677
2025-02-05,52.268245697021484,57.0,57.70000076293945,57.0,57.20000076293945,255031
2025-02-06,52.35994338989258,57.099998474121094,57.5,56.900001525878906,57.0,246953
2025-02-09,53.00183868408203,57.79999923706055,58.29999923706055,57.0,57.0,500273
2025-02-10,53.093536376953125,57.900001525878906,58.5,57.70000076293945,57.79999923706055,352333
2025-02-11,52.268245697021484,57.0,58.0,57.0,57.900001525878906,284636
2025-02-12,51.6263542175293,56.29999923706055,57.29999923706055,56.099998474121094,57.0,225967
2025-02-13,51.901451110839844,56.599998474121094,57.20000076293945,56.0,56.400001525878906,384795
2025-02-16,51.80975341796875,56.5,57.599998474121094,56.5,57.099998474121094,310828
2025-02-17,51.44295883178711,56.099998474121094,56.599998474121094,55.900001525878906,56.599998474121094,193586
2025-02-18,51.44295883178711,56.099998474121094,56.29999923706055,55.900001525878906,55.900001525878906,107170
2025-02-19,51.44295883178711,56.099998474121094,56.099998474121094,56.099998474121094,56.099998474121094,0
2025-02-20,50.617671966552734,55.20000076293945,55.20000076293945,53.900001525878906,54.400001525878906,260361
2025-02-24,49.88408279418945,54.400001525878906,55.20000076293945,54.099998474121094,55.20000076293945,130269
2025-02-25,49.51728439331055,54.0,54.599998474121094,53.599998474121094,54.599998474121094,168733
2025-02-26,49.42558670043945,53.900001525878906,54.70000076293945,53.900001525878906,54.29999923706055,100870
2025-02-27,48.96709442138672,53.400001525878906,54.099998474121094,52.900001525878906,53.900001525878906,151291
2025-03-02,47.40821838378906,51.70000076293945,53.79999923706055,51.29999923706055,53.400001525878906,150916
2025-03-03,47.499916076660156,51.79999923706055,52.400001525878906,51.400001525878906,51.5,138459
2025-03-04,46.766326904296875,51.0,51.70000076293945,50.5,51.70000076293945,168568
2025-03-05,45.7117919921875,49.849998474121094,51.0,49.70000076293945,50.5,189622
2025-03-06,43.92367172241211,47.900001525878906,49.95000076293945,47.79999923706055,49.95000076293945,355824
2025-03-09,44.84065628051758,48.900001525878906,49.099998474121094,47.5,48.0,177202
2025-03-10,43.92367172241211,47.900001525878906,49.04999923706055,47.650001525878906,49.04999923706055,133385
2025-03-11,44.47386169433594,48.5,48.75,45.79999923706055,47.099998474121094,214440
2025-03-12,43.92367172241211,47.900001525878906,49.099998474121094,47.849998474121094,48.5,162414
2025-03-13,44.657257080078125,48.70000076293945,49.75,48.0,48.0,286306
2025-03-16,45.52839660644531,49.650001525878906,49.70000076293945,48.54999923706055,48.95000076293945,155150
2025-03-17,44.84065628051758,48.900001525878906,50.099998474121094,48.900001525878906,49.75,158803
2025-03-18,44.24461364746094,48.25,49.099998474121094,48.0,48.900001525878906,107678
2025-03-19,43.60272216796875,47.54999923706055,48.349998474121094,47.29999923706055,48.20000076293945,81496
2025-03-20,43.60272216796875,47.54999923706055,47.54999923706055,47.54999923706055,47.54999923706055,0
2025-03-23,43.5568733215332,47.5,48.5,47.5,48.5,216176
2025-03-24,44.10706329345703,48.099998474121094,48.099998474121094,47.04999923706055,47.5,141338
2025-03-25,43.87781524658203,47.849998474121094,48.400001525878906,47.650001525878906,48.20000076293945,102527
2025-03-26,44.657257080078125,48.70000076293945,48.79999923706055,47.95000076293945,47.95000076293945,104170
2025-03-27,45.16160202026367,49.25,49.29999923706055,48.599998474121094,48.900001525878906,121229
2025-04-03,43.740272521972656,47.70000076293945,48.95000076293945,47.599998474121094,48.900001525878906,151837
2025-04-06,39.384586334228516,42.95000076293945,44.70000076293945,42.95000076293945,43.150001525878906,382111
2025-04-07,40.02647399902344,43.650001525878906,44.04999923706055,39.95000076293945,40.04999923706055,461032
2025-04-08,41.08100891113281,44.79999923706055,45.95000076293945,44.5,44.900001525878906,189567
2025-04-09,40.11817169189453,43.75,44.95000076293945,43.70000076293945,44.29999923706055,296404
2025-04-10,41.722900390625,45.5,46.349998474121094,45.150001525878906,46.0,206103
2025-04-13,43.05253219604492,46.95000076293945,47.0,45.79999923706055,45.900001525878906,150456
2025-04-14,44.061214447021484,48.04999923706055,48.29999923706055,46.75,47.0,204253
2025-04-15,44.47386169433594,48.5,49.599998474121094,48.29999923706055,48.5,283072
2025-04-16,43.69442367553711,47.650001525878906,48.5,47.54999923706055,48.5,117058
2025-04-17,43.69442367553711,47.650001525878906,47.650001525878906,47.650001525878906,47.650001525878906,0
2025-04-20,43.87781524658203,47.849998474121094,48.0,46.900001525878906,46.900001525878906,81534
2025-04-21,43.281776428222656,47.20000076293945,48.04999923706055,46.95000076293945,48.04999923706055,65004
2025-04-22,42.96083068847656,46.849998474121094,47.349998474121094,46.400001525878906,46.849998474121094,83997
2025-04-23,42.96083068847656,46.849998474121094,46.849998474121094,46.849998474121094,46.849998474121094,0
2025-04-24,43.4193229675293,47.349998474121094,47.599998474121094,47.04999923706055,47.20000076293945,62643
2025-04-27,44.24461364746094,48.25,48.45000076293945,47.45000076293945,47.70000076293945,200508
2025-04-28,43.83197021484375,47.79999923706055,48.54999923706055,47.70000076293945,48.5,123766
2025-04-29,43.5568733215332,47.5,48.25,47.5,47.79999923706055,81100
2025-04-30,43.05253219604492,46.95000076293945,47.70000076293945,46.75,47.5,95826
2025-05-01,42.777435302734375,46.650001525878906,46.95000076293945,46.400001525878906,46.900001525878906,53736
2025-05-04,42.50233840942383,46.349998474121094,47.0,46.0,46.54999923706055,46108
2025-05-05,42.63988494873047,46.5,46.599998474121094,45.849998474121094,46.0,55360
2025-05-06,41.99799346923828,45.79999923706055,46.95000076293945,45.79999923706055,46.5,59572
2025-05-07,41.53950119018555,45.29999923706055,46.0,45.25,45.79999923706055,82778
2025-05-08,41.31025314331055,45.04999923706055,45.599998474121094,44.79999923706055,45.25,74214
2025-05-11,40.76006317138672,44.45000076293945,45.20000076293945,44.45000076293945,45.0,36670
2025-05-12,41.31025314331055,45.04999923706055,45.25,44.45000076293945,44.45000076293945,56744
2025-05-13,41.49365234375,45.25,45.599998474121094,45.0,45.150001525878906,93893
2025-05-14,41.90629577636719,45.70000076293945,45.849998474121094,45.25,45.25,89062
2025-05-15,42.68573760986328,46.54999923706055,47.29999923706055,45.79999923706055,45.900001525878906,300201
2025-05-18,42.68573760986328,46.54999923706055,46.54999923706055,46.54999923706055,46.54999923706055,0
2025-05-19,41.401954650878906,45.150001525878906,45.95000076293945,45.04999923706055,45.95000076293945,82024
2025-05-20,41.90629577636719,45.70000076293945,45.849998474121094,44.95000076293945,45.20000076293945,47039
2025-05-21,41.35610580444336,45.099998474121094,45.95000076293945,44.95000076293945,45.79999923706055,69943
2025-05-22,40.48497009277344,44.150001525878906,45.0,44.0,45.0,86502
2025-05-25,40.209869384765625,43.849998474121094,44.54999923706055,43.70000076293945,44.099998474121094,49185
2025-05-26,40.25572204589844,43.900001525878906,44.20000076293945,43.0,44.0,83185
2025-05-27,38.834388732910156,42.349998474121094,44.0,42.0,44.0,132625
2025-05-28,39.52212905883789,43.099998474121094,43.20000076293945,42.349998474121094,42.900001525878906,74843
2025-05-29,39.5679817199707,43.150001525878906,43.54999923706055,42.95000076293945,43.20000076293945,67830
2025-06-01,39.10948944091797,42.650001525878906,43.150001525878906,42.29999923706055,43.150001525878906,60638
2025-06-02,39.10948944091797,42.650001525878906,43.099998474121094,42.400001525878906,42.599998474121094,55084
2025-06-03,39.155338287353516,42.70000076293945,43.099998474121094,42.599998474121094,42.650001525878906,29079
2025-06-04,39.75137710571289,43.349998474121094,43.349998474121094,42.70000076293945,42.70000076293945,39337
2025-06-11,40.39326858520508,44.04999923706055,44.45000076293945,43.5,43.5,79350
2025-06-12,37.45890808105469,40.849998474121094,43.599998474121094,40.849998474121094,43.599998474121094,185862
2025-06-15,36.587772369384766,39.900001525878906,40.349998474121094,37.0,37.0,188132
2025-06-16,38.14665222167969,41.599998474121094,43.0,39.900001525878906,39.900001525878906,135131
2025-06-17,37.41305923461914,40.79999923706055,41.900001525878906,40.79999923706055,41.599998474121094,95233
2025-06-18,36.54192352294922,39.849998474121094,40.45000076293945,39.79999923706055,40.349998474121094,79488
2025-06-19,36.86286926269531,40.20000076293945,40.5,39.400001525878906,39.400001525878906,64784
2025-06-22,37.275516510009766,40.650001525878906,41.29999923706055,40.0,40.20000076293945,86002
2025-06-23,38.23834991455078,41.70000076293945,41.849998474121094,40.650001525878906,40.650001525878906,120115
2025-06-24,39.705528259277344,43.29999923706055,43.400001525878906,42.150001525878906,42.150001525878906,153640
2025-06-25,40.43911361694336,44.099998474121094,44.20000076293945,43.45000076293945,43.5,269948
2025-06-26,41.0100212097168,43.099998474121094,43.099998474121094,42.29999923706055,42.29999923706055,205945
2025-06-29,41.3715934753418,43.47999954223633,43.79999923706055,43.18000030517578,43.5,205327
2025-06-30,41.086143493652344,43.18000030517578,43.779998779296875,43.0,43.5,136566
2025-07-01,41.04808044433594,43.13999938964844,43.29999923706055,43.02000045776367,43.13999938964844,64821
2025-07-02,40.85778045654297,42.939998626708984,43.34000015258789,42.63999938964844,43.13999938964844,72335
2025-07-03,40.99099349975586,43.08000183105469,43.18000030517578,42.900001525878906,42.959999084472656,66994
2025-07-06,41.3715934753418,43.47999954223633,43.720001220703125,43.02000045776367,43.08000183105469,86585
2025-07-07,41.485774993896484,43.599998474121094,43.880001068115234,43.220001220703125,43.439998626708984,101937
2025-07-08,41.86637878417969,44.0,44.7400016784668,43.18000030517578,43.2599983215332,385929
2025-07-09,43.0272216796875,45.220001220703125,45.619998931884766,44.0,44.02000045776367,472252
2025-07-10,42.49437713623047,44.65999984741211,45.459999084472656,44.52000045776367,45.220001220703125,146261
2025-07-13,42.475345611572266,44.63999938964844,45.2599983215332,44.52000045776367,44.70000076293945,188137
2025-07-14,42.09474563598633,44.2400016784668,44.97999954223633,44.220001220703125,44.63999938964844,110650
2025-07-15,41.21935272216797,43.31999969482422,44.41999816894531,43.31999969482422,44.220001220703125,93929
2025-07-16,41.04808044433594,43.13999938964844,43.84000015258789,43.099998474121094,43.31999969482422,47941
2025-07-17,41.04808044433594,43.13999938964844,43.13999938964844,43.13999938964844,43.13999938964844,0
2025-07-20,40.05851364135742,42.099998474121094,43.08000183105469,42.0,42.70000076293945,59675
2025-07-21,40.05851364135742,42.099998474121094,42.459999084472656,42.0,42.08000183105469,47875
2025-07-22,39.0308837890625,41.02000045776367,42.220001220703125,41.02000045776367,42.02000045776367,57792
2025-07-23,39.31633758544922,41.31999969482422,41.47999954223633,40.70000076293945,41.02000045776367,92688
2025-07-24,39.37342834472656,41.380001068115234,41.52000045776367,41.220001220703125,41.36000061035156,46729
2025-07-27,39.10700225830078,41.099998474121094,41.79999923706055,41.099998474121094,41.380001068115234,64308
2025-07-28,38.44095230102539,40.400001525878906,41.20000076293945,40.400001525878906,41.099998474121094,70889
2025-07-29,38.44095230102539,40.400001525878906,40.41999816894531,39.91999816894531,40.380001068115234,63426
2025-07-30,38.307735443115234,40.2599983215332,40.540000915527344,40.0,40.5,46758
2025-07-31,38.06034469604492,40.0,40.599998474121094,39.81999969482422,40.47999954223633,81621
2025-08-03,37.87004470825195,39.79999923706055,41.560001373291016,39.79999923706055,40.439998626708984,244220
2025-08-04,38.21258544921875,40.15999984741211,40.58000183105469,38.63999938964844,39.5,163719
2025-08-05,38.23161697387695,40.18000030517578,40.5,40.08000183105469,40.279998779296875,107085
2025-08-06,38.364830017089844,40.31999969482422,40.47999954223633,40.18000030517578,40.18000030517578,64314
2025-08-07,38.78348922729492,40.7599983215332,41.119998931884766,40.220001220703125,40.31999969482422,123821
2025-08-10,40.34396743774414,42.400001525878906,43.400001525878906,40.7599983215332,40.7599983215332,236040
2025-08-11,39.5637321472168,41.58000183105469,42.400001525878906,41.400001525878906,42.400001525878906,88722
2025-08-12,38.99282455444336,40.97999954223633,41.68000030517578,40.779998779296875,41.68000030517578,100570
2025-08-13,39.31633758544922,41.31999969482422,41.900001525878906,41.0,41.0,93875
2025-08-14,39.392459869384766,41.400001525878906,41.70000076293945,41.220001220703125,41.400001525878906,28837
2025-08-17,39.620819091796875,41.63999938964844,41.97999954223633,41.400001525878906,41.400001525878906,74149
2025-08-18,39.46857833862305,41.47999954223633,41.720001220703125,41.380001068115234,41.63999938964844,39825
2025-08-19,39.297306060791016,41.29999923706055,41.52000045776367,41.060001373291016,41.5,33406
2025-08-20,39.068946838378906,41.060001373291016,41.2400016784668,40.939998626708984,41.220001220703125,31696
2025-08-21,39.221187591552734,41.220001220703125,41.2599983215332,40.720001220703125,41.02000045776367,41078
2025-08-24,39.715972900390625,41.7400016784668,42.119998931884766,41.220001220703125,41.220001220703125,97051
2025-08-25,40.07754135131836,42.119998931884766,42.380001068115234,41.52000045776367,41.720001220703125,135650
2025-08-26,39.88724136352539,41.91999816894531,42.13999938964844,41.7599983215332,42.040000915527344,33990
2025-08-27,39.48760986328125,41.5,42.099998474121094,41.47999954223633,41.91999816894531,31345
2025-08-28,40.2868766784668,42.34000015258789,42.84000015258789,41.400001525878906,41.400001525878906,354876
2025-08-31,39.944332122802734,41.97999954223633,42.36000061035156,41.5,42.31999969482422,88592
2025-09-01,39.0499153137207,41.040000915527344,42.0,40.97999954223633,41.880001068115234,40295
2025-09-02,38.2887077331543,40.2400016784668,41.15999984741211,40.13999938964844,41.040000915527344,69289
2025-09-03,38.55513000488281,40.52000045776367,40.959999084472656,40.15999984741211,40.2400016784668,42526
2025-09-04,38.59319305419922,40.560001373291016,41.2400016784668,40.52000045776367,41.15999984741211,64953
2025-09-07,38.13646697998047,40.08000183105469,40.68000030517578,40.0,40.560001373291016,39678
2025-09-08,37.67974090576172,39.599998474121094,40.400001525878906,39.380001068115234,40.18000030517578,44255
2025-09-09,38.34579849243164,40.29999923706055,40.560001373291016,39.0,39.599998474121094,61537
2025-09-10,37.48944091796875,39.400001525878906,40.13999938964844,39.400001525878906,40.13999938964844,41462
2025-09-11,37.81295394897461,39.7400016784668,40.459999084472656,39.47999954223633,39.47999954223633,69922
2025-09-14,37.50846862792969,39.41999816894531,39.97999954223633,39.2400016784668,39.7599983215332,36379
2025-09-15,37.584590911865234,39.5,39.720001220703125,39.29999923706055,39.29999923706055,28173
2025-09-16,38.079376220703125,40.02000045776367,40.20000076293945,39.400001525878906,39.400001525878906,56194
2025-09-17,38.49803924560547,40.459999084472656,40.459999084472656,40.02000045776367,40.02000045776367,41288
2025-09-18,38.70737075805664,40.68000030517578,40.720001220703125,40.099998474121094,40.5,92685
2025-09-21,38.91670608520508,40.900001525878906,41.060001373291016,40.619998931884766,40.68000030517578,64826
2025-09-22,38.44095230102539,40.400001525878906,40.79999923706055,40.36000061035156,40.720001220703125,72139
2025-09-24,39.52566909790039,41.540000915527344,41.560001373291016,40.400001525878906,40.400001525878906,150054
2025-09-25,39.52566909790039,41.540000915527344,41.540000915527344,41.540000915527344,41.540000915527344,0
2025-09-28,40.22978591918945,42.279998779296875,43.18000030517578,42.08000183105469,42.20000076293945,291948
2025-09-29,40.42008590698242,42.47999954223633,42.900001525878906,41.880001068115234,42.2599983215332,188448
2025-09-30,40.45814895629883,42.52000045776367,42.97999954223633,42.5,42.540000915527344,145928
2025-10-01,40.45814895629883,42.52000045776367,42.97999954223633,42.5,42.540000915527344,145928
2025-10-02,40.59135818481445,42.65999984741211,42.900001525878906,42.5,42.65999984741211,117845
2025-10-05,40.62942123413086,42.70000076293945,43.29999923706055,42.540000915527344,42.79999923706055,214507
2025-10-06,40.762630462646484,42.84000015258789,43.20000076293945,42.47999954223633,42.70000076293945,130918
2025-10-07,40.70553970336914,42.779998779296875,43.15999984741211,42.619998931884766,42.720001220703125,187710
2025-10-08,40.115604400634766,42.15999984741211,42.70000076293945,42.13999938964844,42.70000076293945,102259
2025-10-09,39.98239517211914,42.02000045776367,42.400001525878906,42.0,42.02000045776367,71452
2025-10-12,39.7730598449707,41.79999923706055,41.91999816894531,41.220001220703125,41.91999816894531,70711
2025-10-13,39.96336364746094,42.0,42.279998779296875,41.880001068115234,42.0,82614
2025-10-14,39.69694137573242,41.720001220703125,42.18000030517578,41.720001220703125,42.02000045776367,65395
2025-10-15,39.50663757324219,41.52000045776367,41.81999969482422,41.5,41.81999969482422,50279
2025-10-16,39.63985061645508,41.65999984741211,41.79999923706055,41.52000045776367,41.52000045776367,39731
2025-10-19,39.20215606689453,41.20000076293945,41.81999969482422,41.20000076293945,41.52000045776367,61816
2025-10-20,38.6883430480957,40.65999984741211,41.439998626708984,40.619998931884766,41.18000030517578,60053
2025-10-21,38.250648498535156,40.20000076293945,41.0,40.099998474121094,40.65999984741211,57679
2025-10-22,38.13646697998047,40.08000183105469,40.41999816894531,39.939998626708984,40.099998474121094,44457
2025-10-23,38.17452621459961,40.119998931884766,40.400001525878906,40.0,40.08000183105469,27843
2025-10-26,38.250648498535156,40.20000076293945,40.70000076293945,40.119998931884766,40.29999923706055,89169
2025-10-27,38.53609848022461,40.5,41.0,40.20000076293945,40.36000061035156,107189
2025-10-28,38.612220764160156,40.58000183105469,40.7400016784668,40.439998626708984,40.7400016784668,47175
2025-10-29,38.70737075805664,40.68000030517578,40.79999923706055,40.560001373291016,40.599998474121094,54793
2025-10-30,38.74543380737305,40.720001220703125,41.08000183105469,40.599998474121094,40.68000030517578,99908
2025-11-02,38.574161529541016,40.540000915527344,40.900001525878906,40.5,40.7599983215332,40103
2025-11-03,38.21258544921875,40.15999984741211,40.540000915527344,39.70000076293945,40.540000915527344,73222
2025-11-04,38.631248474121094,40.599998474121094,41.880001068115234,40.34000015258789,40.34000015258789,362625
2025-11-05,37.9461669921875,39.880001068115234,40.400001525878906,39.81999969482422,40.31999969482422,93833
2025-11-06,37.9461669921875,39.880001068115234,40.2400016784668,39.599998474121094,39.880001068115234,47498
2025-11-09,37.77489471435547,39.70000076293945,40.099998474121094,39.540000915527344,39.880001068115234,36259
2025-11-10,38.23161697387695,40.18000030517578,40.220001220703125,39.5,39.70000076293945,35901
2025-11-11,37.88907241821289,39.81999969482422,40.18000030517578,39.79999923706055,40.040000915527344,41363
2025-11-12,37.88907241821289,39.81999969482422,40.18000030517578,39.81999969482422,39.86000061035156,49810
2025-11-13,37.83198165893555,39.7599983215332,40.220001220703125,39.70000076293945,39.84000015258789,68305
2025-11-16,36.63308334350586,38.5,39.7599983215332,38.5,39.7400016784668,89158
2025-11-17,36.537933349609375,38.400001525878906,38.880001068115234,38.060001373291016,38.400001525878906,92733
2025-11-18,37.14689636230469,39.040000915527344,39.2599983215332,38.060001373291016,38.5,58621
2025-11-19,36.728233337402344,38.599998474121094,39.400001525878906,38.599998474121094,39.2599983215332,38001
2025-11-20,37.03271484375,38.91999816894531,39.15999984741211,38.619998931884766,38.619998931884766,40979
2025-11-23,36.728233337402344,38.599998474121094,39.2400016784668,38.47999954223633,38.939998626708984,27813
2025-11-24,36.59502029418945,38.459999084472656,39.15999984741211,38.0,39.15999984741211,91166
2025-11-25,36.005088806152344,37.84000015258789,38.65999984741211,37.84000015258789,38.5,56013
2025-11-26,35.73866653442383,37.560001373291016,37.97999954223633,37.02000045776367,37.02000045776367,46298
2025-11-27,35.98605728149414,37.81999969482422,38.040000915527344,37.459999084472656,37.7400016784668,29152
2025-11-30,34.74909591674805,36.52000045776367,38.08000183105469,36.5,38.040000915527344,49417
2025-12-01,34.23527908325195,35.97999954223633,36.939998626708984,32.880001068115234,36.400001525878906,90899
2025-12-02,34.15916061401367,35.900001525878906,36.279998779296875,35.599998474121094,35.97999954223633,46154
2025-12-03,35.01551818847656,36.79999923706055,37.380001068115234,35.900001525878906,36.0,67528
2025-12-04,35.33903121948242,37.13999938964844,37.47999954223633,36.91999816894531,37.0,37343
2025-12-07,35.072608947753906,36.86000061035156,37.400001525878906,36.81999969482422,37.20000076293945,19316
2025-12-08,35.20581817626953,37.0,37.119998931884766,36.439998626708984,36.439998626708984,33706
2025-12-09,35.300968170166016,37.099998474121094,37.36000061035156,36.86000061035156,37.099998474121094,20834
2025-12-10,35.73866653442383,37.560001373291016,37.70000076293945,37.15999984741211,37.29999923706055,29158
2025-12-11,35.358062744140625,37.15999984741211,37.70000076293945,37.060001373291016,37.599998474121094,11165
2025-12-14,34.44461441040039,36.20000076293945,36.720001220703125,36.20000076293945,36.70000076293945,22975
2025-12-15,34.463645935058594,36.220001220703125,36.70000076293945,35.779998779296875,36.18000030517578,28471
2025-12-16,33.911766052246094,35.63999938964844,36.439998626708984,35.560001373291016,36.20000076293945,38047
2025-12-17,33.892738342285156,35.619998931884766,36.20000076293945,35.5,35.599998474121094,33861
2025-12-18,33.9688606262207,35.70000076293945,36.560001373291016,35.0,36.0,40281
2025-12-21,34.17818832397461,35.91999816894531,36.400001525878906,35.81999969482422,36.400001525878906,37588
2025-12-22,34.006919860839844,35.7400016784668,36.5,35.7400016784668,35.91999816894531,25378
2025-12-23,34.06400680541992,35.79999923706055,36.099998474121094,35.5,35.5,18552
2025-12-24,33.436012268066406,35.13999938964844,35.97999954223633,35.0,35.720001220703125,15432
2025-12-25,33.47407531738281,35.18000030517578,35.279998779296875,35.099998474121094,35.15999984741211,10218
2025-12-28,32.2942008972168,33.939998626708984,35.119998931884766,33.0,34.900001525878906,61459
2025-12-29,32.73189926147461,34.400001525878906,34.47999954223633,33.68000030517578,33.97999954223633,33876
2025-12-30,31.97068977355957,33.599998474121094,34.70000076293945,33.41999816894531,34.70000076293945,26646
2025-12-31,32.827049255371094,34.5,34.65999984741211,33.79999923706055,34.0,24322
2026-01-01,33.37892532348633,35.08000183105469,35.29999923706055,34.5,34.5,17755
2026-01-04,33.05541229248047,34.7400016784668,35.2599983215332,34.5,35.2400016784668,16014
2026-01-05,32.446441650390625,34.099998474121094,35.0,34.099998474121094,34.540000915527344,28089
2026-01-06,31.894569396972656,33.52000045776367,34.560001373291016,33.5,34.099998474121094,57036
2026-01-07,33.05541229248047,34.7400016784668,35.2599983215332,34.0,34.7599983215332,55803
2026-01-08,32.78898620605469,34.459999084472656,34.720001220703125,34.29999923706055,34.47999954223633,25682
2026-01-11,33.397953033447266,35.099998474121094,35.279998779296875,34.099998474121094,34.099998474121094,21808
2026-01-12,33.911766052246094,35.63999938964844,35.79999923706055,34.79999923706055,34.79999923706055,39177
2026-01-13,33.9498291015625,35.68000030517578,35.939998626708984,35.459999084472656,35.68000030517578,28378
2026-01-14,33.13153076171875,34.81999969482422,35.84000015258789,34.81999969482422,35.68000030517578,43053
2026-01-15,32.57965850830078,34.2400016784668,34.84000015258789,34.13999938964844,34.79999923706055,32248
2026-01-18,33.074440002441406,34.7599983215332,35.0,34.2400016784668,34.2400016784668,24638
2026-01-19,32.78898620605469,34.459999084472656,35.0,34.400001525878906,34.7599983215332,24943
2026-01-20,32.370323181152344,34.02000045776367,34.84000015258789,34.0,34.84000015258789,50399
2026-01-21,32.370323181152344,34.02000045776367,34.15999984741211,33.68000030517578,33.68000030517578,51426
2026-01-22,33.036380767822266,34.720001220703125,34.81999969482422,34.20000076293945,34.20000076293945,57024
2026-01-25,33.226680755615234,34.91999816894531,35.380001068115234,34.619998931884766,34.81999969482422,71733
2026-01-26,33.264739990234375,34.959999084472656,35.18000030517578,34.79999923706055,34.939998626708984,50545
2026-01-27,33.66437530517578,35.380001068115234,35.720001220703125,34.97999954223633,34.97999954223633,51372
2026-01-28,33.70243453979492,35.41999816894531,36.29999923706055,35.119998931884766,35.900001525878906,139191
2026-01-29,33.37892532348633,35.08000183105469,35.70000076293945,34.939998626708984,35.380001068115234,62285
2026-02-01,32.40838623046875,34.060001373291016,35.36000061035156,34.02000045776367,35.099998474121094,63660
2026-02-02,33.30280303955078,35.0,35.0,33.70000076293945,34.099998474121094,38477
2026-02-03,32.998321533203125,34.68000030517578,35.380001068115234,34.5,35.20000076293945,29837
2026-02-04,32.59868621826172,34.2599983215332,34.91999816894531,34.15999984741211,34.5,84432
2026-02-05,31.380754470825195,32.97999954223633,34.2599983215332,32.959999084472656,34.2599983215332,122521
2026-02-08,31.513965606689453,33.119998931884766,33.81999969482422,33.02000045776367,33.220001220703125,41188
2026-02-09,31.247543334960938,32.84000015258789,33.380001068115234,32.65999984741211,33.380001068115234,71137
2026-02-10,31.152395248413086,32.7400016784668,33.0,32.65999984741211,32.65999984741211,57409
2026-02-11,30.75275993347168,32.31999969482422,32.7599983215332,32.220001220703125,32.7599983215332,78417
2026-02-12,31.66620635986328,33.279998779296875,33.79999923706055,32.20000076293945,32.31999969482422,143267
2026-02-15,31.76136016845703,33.380001068115234,33.619998931884766,33.31999969482422,33.36000061035156,29793
2026-02-16,31.742328643798828,33.36000061035156,33.599998474121094,33.0,33.31999969482422,47993
2026-02-17,30.77178955078125,32.34000015258789,33.380001068115234,32.29999923706055,33.36000061035156,38695
2026-02-18,30.94306182861328,32.52000045776367,32.540000915527344,32.02000045776367,32.400001525878906,29345
2026-02-19,29.687070846557617,31.200000762939453,32.540000915527344,31.200000762939453,32.52000045776367,52895
2026-02-23,29.534828186035156,31.040000915527344,31.559999465942383,30.6200008392334,31.200000762939453,46608
2026-02-24,29.496767044067383,31.0,31.760000228881836,30.520000457763672,31.040000915527344,39379
2026-02-25,29.116165161132812,30.600000381469727,31.3799991607666,30.5,30.959999084472656,26929
2026-02-26,28.982952117919922,30.459999084472656,30.979999542236328,30.299999237060547,30.5,22332
2026-03-01,27.59375,29.0,30.0,28.0,28.0,44436
2026-03-02,28.08853530883789,29.520000457763672,29.84000015258789,28.899999618530273,29.020000457763672,52175
2026-03-03,28.164655685424805,29.600000381469727,29.739999771118164,29.200000762939453,29.520000457763672,31537
2026-03-04,28.830711364746094,30.299999237060547,30.600000381469727,29.5,29.600000381469727,53320
2026-03-05,28.77362060546875,30.239999771118164,30.719999313354492,30.139999389648438,30.5,17958
2026-03-08,29.325496673583984,30.81999969482422,30.959999084472656,30.239999771118164,30.239999771118164,41041
2026-03-09,29.363557815551758,30.860000610351562,31.6200008392334,30.639999389648438,30.8799991607666,55680
2026-03-10,31.000152587890625,32.58000183105469,33.81999969482422,32.119998931884766,33.68000030517578,244077
2026-03-11,30.733728408813477,32.29999923706055,32.880001068115234,32.20000076293945,32.5,88209
2026-03-12,30.695667266845703,32.2599983215332,32.5,31.959999084472656,32.2599983215332,46683
2026-03-15,30.619548797607422,32.18000030517578,32.599998474121094,31.899999618530273,32.2599983215332,30296
2026-03-16,31.000152587890625,32.58000183105469,32.58000183105469,32.060001373291016,32.18000030517578,57640
2026-03-24,30.657609939575195,32.220001220703125,32.84000015258789,32.20000076293945,32.560001373291016,44333
2026-03-25,31.133363723754883,32.720001220703125,33.15999984741211,32.20000076293945,32.20000076293945,58633
2026-03-26,31.3997859954834,33.0,33.29999923706055,32.7599983215332,32.7599983215332,53200
2026-03-29,31.038209915161133,32.619998931884766,33.380001068115234,32.619998931884766,33.380001068115234,49708
2026-03-30,31.038209915161133,32.619998931884766,33.380001068115234,32.619998931884766,33.380001068115234,49708
2026-03-31,32.351295471191406,34.0,34.5,33.08000183105469,33.29999923706055,205959
2026-04-01,32.59868621826172,34.2599983215332,35.099998474121094,34.08000183105469,34.13999938964844,164084
2026-04-02,32.65577697753906,34.31999969482422,34.619998931884766,34.02000045776367,34.2599983215332,96789
2026-04-05,33.264739990234375,34.959999084472656,35.439998626708984,34.400001525878906,34.400001525878906,151353
2026-04-06,33.093467712402344,34.779998779296875,34.959999084472656,34.459999084472656,34.900001525878906,59593
2026-04-07,32.103904724121094,33.7400016784668,34.599998474121094,33.599998474121094,34.5,78324
2026-04-08,33.4169807434082,35.119998931884766,35.47999954223633,34.119998931884766,35.0,140104
2026-04-09,32.78898620605469,34.459999084472656,35.119998931884766,34.29999923706055,35.099998474121094,60012
2026-04-12,32.52256393432617,34.18000030517578,34.63999938964844,34.119998931884766,34.439998626708984,29274
2026-04-13,32.351295471191406,34.0,34.599998474121094,34.0,34.02000045776367,54227
2026-04-14,32.865108489990234,34.540000915527344,34.58000183105469,34.040000915527344,34.040000915527344,38542
2026-04-15,33.11249923706055,34.79999923706055,34.959999084472656,34.5,34.540000915527344,46639
2026-04-16,33.45504379272461,35.15999984741211,35.2599983215332,34.880001068115234,35.0,64476
2026-04-19,33.28377151489258,34.97999954223633,35.2599983215332,34.70000076293945,35.18000030517578,54366
2026-04-20,33.01734924316406,34.70000076293945,35.0,34.459999084472656,34.81999969482422,47604
2026-04-21,32.941226959228516,34.619998931884766,34.81999969482422,34.5,34.81999969482422,23575
2026-04-22,32.84607696533203,34.52000045776367,34.81999969482422,34.41999816894531,34.81999969482422,18013
2026-04-23,32.503536224365234,34.15999984741211,34.47999954223633,34.0,34.380001068115234,47307
2026-04-26,32.370323181152344,34.02000045776367,34.34000015258789,33.84000015258789,34.20000076293945,28362
2026-04-27,32.56062698364258,34.220001220703125,34.5,33.939998626708984,33.939998626708984,16444
2026-04-28,32.73189926147461,34.400001525878906,34.68000030517578,34.29999923706055,34.29999923706055,36917
2026-04-29,33.2076530456543,34.900001525878906,35.0,34.41999816894531,34.5,48914
2026-04-30,33.4169807434082,35.119998931884766,35.36000061035156,34.86000061035156,35.279998779296875,147659
2026-05-03,34.083038330078125,35.81999969482422,36.099998474121094,35.15999984741211,35.15999984741211,240417
2026-05-04,34.083038330078125,35.81999969482422,35.81999969482422,35.81999969482422,35.81999969482422,0
2026-05-05,33.721466064453125,35.439998626708984,35.959999084472656,35.13999938964844,35.81999969482422,60856
2026-05-06,33.77855682373047,35.5,35.900001525878906,35.31999969482422,35.31999969482422,37961
2026-05-07,34.216251373291016,35.959999084472656,36.060001373291016,35.279998779296875,35.540000915527344,80130
2026-05-10,34.254310607910156,36.0,36.97999954223633,35.86000061035156,35.97999954223633,106891
2026-05-11,34.12110137939453,35.86000061035156,36.20000076293945,35.599998474121094,36.0,67935
2026-05-12,34.140132904052734,35.880001068115234,36.15999984741211,35.599998474121094,35.81999969482422,53324
2026-05-13,34.10206985473633,35.84000015258789,35.959999084472656,35.560001373291016,35.86000061035156,31405
2026-05-14,33.588253021240234,35.29999923706055,35.79999923706055,35.20000076293945,35.79999923706055,52573
2026-05-17,33.436012268066406,35.13999938964844,35.459999084472656,35.060001373291016,35.29999923706055,31042
2026-05-18,33.036380767822266,34.720001220703125,35.2599983215332,34.65999984741211,35.099998474121094,46420
2026-05-19,33.30280303955078,35.0,35.18000030517578,34.63999938964844,34.63999938964844,41974
2026-05-20,33.683406829833984,35.400001525878906,35.900001525878906,34.939998626708984,35.02000045776367,96759
2026-05-21,34.23527908325195,35.97999954223633,36.13999938964844,35.31999969482422,35.58000183105469,94064
2026-05-24,34.23527908325195,35.97999954223633,35.97999954223633,35.97999954223633,35.97999954223633,0
2026-05-25,34.23527908325195,35.97999954223633,35.97999954223633,35.97999954223633,35.97999954223633,0
2026-05-26,34.23527908325195,35.97999954223633,35.97999954223633,35.97999954223633,35.97999954223633,0
2026-05-27,34.23527908325195,35.97999954223633,35.97999954223633,35.97999954223633,35.97999954223633,0
2026-05-28,34.23527908325195,35.97999954223633,35.97999954223633,35.97999954223633,35.97999954223633,0
2026-05-31,34.6539421081543,36.41999816894531,36.900001525878906,36.099998474121094,36.099998474121094,58699
2026-06-01,34.6729736328125,36.439998626708984,36.63999938964844,36.29999923706055,36.439998626708984,27561
2026-06-02,34.93939971923828,36.720001220703125,36.7400016784668,36.2599983215332,36.36000061035156,75650
2026-06-03,34.61588668823242,36.380001068115234,36.79999923706055,36.2599983215332,36.70000076293945,99707
2026-06-04,34.863277435302734,36.63999938964844,37.040000915527344,36.2599983215332,36.400001525878906,78966
2026-06-07,35.624481201171875,37.439998626708984,38.08000183105469,36.779998779296875,36.779998779296875,378974
2026-06-08,35.31999969482422,37.119998931884766,37.959999084472656,36.5,37.959999084472656,312306
2026-06-09,35.15999984741211,35.15999984741211,35.959999084472656,34.79999923706055,35.099998474121094,264973
2026-06-10,33.97999954223633,33.97999954223633,35.2400016784668,33.86000061035156,35.2400016784668,203080
2026-06-11,33.619998931884766,33.619998931884766,34.0,33.52000045776367,33.97999954223633,95149
2026-06-14,34.15999984741211,34.15999984741211,34.47999954223633,33.720001220703125,33.720001220703125,113188
2026-06-15,34.2400016784668,34.2400016784668,34.5,34.20000076293945,34.2599983215332,67078
2026-06-16,34.2599983215332,34.2599983215332,34.52000045776367,34.2400016784668,34.2599983215332,77750
2026-06-17,34.040000915527344,34.040000915527344,34.47999954223633,33.880001068115234,34.47999954223633,65812
2026-06-18,33.97999954223633,33.97999954223633,34.220001220703125,33.91999816894531,34.060001373291016,28658
2026-06-21,33.599998474121094,33.599998474121094,33.97999954223633,33.0,33.900001525878906,66211
2026-06-22,33.880001068115234,33.880001068115234,33.900001525878906,33.20000076293945,33.900001525878906,53032
2026-06-23,33.36000061035156,33.36000061035156,33.900001525878906,33.31999969482422,33.900001525878906,47204
2026-06-24,33.220001220703125,33.220001220703125,33.459999084472656,33.20000076293945,33.31999969482422,19060
2026-06-25,32.65999984741211,32.65999984741211,33.220001220703125,32.65999984741211,33.220001220703125,47849
2026-06-28,32.63999938964844,32.63999938964844,33.0,32.400001525878906,32.599998474121094,28810
2026-06-29,32.599998474121094,32.599998474121094,33.0,32.400001525878906,33.0,68115
2026-06-30,33.15999984741211,33.15999984741211,33.34000015258789,32.619998931884766,32.619998931884766,61860
2026-07-01,33.47999954223633,33.47999954223633,33.47999954223633,33.119998931884766,33.29999923706055,27753
2026-07-02,33.20000076293945,33.20000076293945,33.459999084472656,33.119998931884766,33.459999084472656,27667
2026-07-05,32.900001525878906,32.900001525878906,33.34000015258789,32.86000061035156,33.20000076293945,17458
2026-07-06,32.84000015258789,32.84000015258789,32.959999084472656,32.7599983215332,32.91999816894531,17734
2026-07-07,32.5,32.5,32.86000061035156,32.439998626708984,32.86000061035156,54099
2026-07-08,32.08000183105469,32.08000183105469,32.459999084472656,31.959999084472656,32.459999084472656,28483
2026-07-09,32.099998474121094,32.099998474121094,32.439998626708984,32.0,32.0,20653
2026-07-12,32.0,32.0,32.2599983215332,31.979999542236328,32.099998474121094,13932
2026-07-13,32.0,32.0,32.279998779296875,31.920000076293945,32.0,32446
2026-07-14,31.8799991607666,31.8799991607666,32.08000183105469,31.799999237060547,32.0,35193
2026-07-15,31.68000030517578,31.68000030517578,32.08000183105469,31.600000381469727,31.799999237060547,21935
2026-07-16,31.6200008392334,31.6200008392334,32.0,31.520000457763672,32.0,22028
2026-07-19,31.31999969482422,31.31999969482422,31.6200008392334,31.1200008392334,31.600000381469727,40258
2026-07-20,31.0,31.0,31.420000076293945,30.979999542236328,31.1200008392334,21962
2026-07-21,30.760000228881836,30.760000228881836,31.1200008392334,30.700000762939453,30.899999618530273,28405
2026-07-22,30.959999084472656,30.959999084472656,31.0,30.700000762939453,30.760000228881836,21401
2026-07-23,30.899999618530273,30.899999618530273,31.100000381469727,30.860000610351562,30.959999084472656,26346
2026-07-26,31.100000381469727,31.100000381469727,31.139999389648438,30.860000610351562,30.899999618530273,16814
2026-07-27,31.059999465942383,31.059999465942383,31.3799991607666,31.0,31.100000381469727,17116
2026-07-28,30.459999084472656,30.459999084472656,31.040000915527344,30.420000076293945,31.040000915527344,55514
2026-07-29,31.459999084472656,31.459999084472656,32.279998779296875,31.020000457763672,31.079999923706055,181396
2026-07-30,32.63999938964844,32.63999938964844,32.720001220703125,31.459999084472656,31.739999771118164,136614
2026-08-02,33.08000183105469,33.08000183105469,33.31999969482422,32.79999923706055,33.02000045776367,81568
2026-08-03,33.29999923706055,33.29999923706055,33.58000183105469,33.040000915527344,33.099998474121094,66402
2026-08-04,33.400001525878906,33.400001525878906,33.65999984741211,33.29999923706055,33.29999923706055,40188
2026-08-05,34.0,34.0,34.119998931884766,33.41999816894531,33.41999816894531,79217
2026-08-06,33.7599983215332,33.7599983215332,34.400001525878906,33.7599983215332,34.20000076293945,62407
2026-08-09,33.86000061035156,33.86000061035156,33.91999816894531,33.29999923706055,33.36000061035156,25244
2026-08-10,34.41999816894531,34.41999816894531,35.0,33.79999923706055,33.84000015258789,125667
2026-08-11,34.619998931884766,34.619998931884766,35.20000076293945,34.41999816894531,35.0,52268
2026-08-12,34.5,34.5,35.20000076293945,34.5,34.619998931884766,44034
2026-08-13,34.7400016784668,34.7400016784668,34.900001525878906,34.0,34.5,45420
